Country,First Reported Value - Year,First Reported Value,Last Reported Value - Year,Last Reported Value
Ireland,2000,6,2012,7.7
Estonia,1996,1.7,2012,3
Turkmenistan,1990,3.4,1994,4
Greece,2000,0.9,2009,0.9
Hungary,2006,1.1,2012,1
Croatia,2005,1.6,2011,1.5
The former Yugoslav Republic of Macedonia,2006,1.3,2011,1.2
Georgia,1990,1.3,1991,1.1
Austria,1995,1.7,2013,1.4
Italy,1990,1.1,2010,0.7
Iceland,1990,3.4,2007,2.9
Republic of Moldova,1990,2.6,1995,1.9
Azerbaijan,1990,1.3,2012,0.5
Sweden,1992,3.7,2012,2.8
Republic of Uzbekistan,1990,2.9,1995,1.9
Denmark,1994,2.4,2012,1.1
Tajikistan,1990,1.8,2011,0.1
Norway,1990,4.6,2011,2.6
Kyrgyzstan,1990,3.9,1995,1.9
Ukraine,1990,3.7,2012,1.5
Armenia,1990,4,2012,1.5
Kazakhstan,1990,5,1995,2.5
Finland,1991,7,2012,4.4
Russian Federation,1990,5,2012,1.7
Lithuania,1990,6.1,2012,2.4
Belarus,1990,7.4,2013,2.5
United Kingdom of Great Britain and Northern Ireland,1990,6.5,2012,1.6
Poland,1990,8.5,2012,0.8
Romania,1991,11,2013,0.4
Bulgaria,,,,
Czech Republic,,,,
Slovakia,,,,
Aland Islands,,,,
Channel Islands,,,,
Faeroe Islands,,,,
Guernsey,,,,
Isle of Man,,,,
Jersey,,,,
Latvia,1994,2,,
Sark,,,,
Svalbard and Jan Mayen Islands,,,,
Albania,2007,2.1,,
Andorra,,,,
Bosnia and Herzegovina,,,,
Gibraltar,,,,
Holy See,,,,
Malta,,,,
Montenegro,,,,
Portugal,,,,
San Marino,,,,
Serbia,,,,
Slovenia,,,,
Spain,1992,1.3,,
Belgium,,,,
France,2006,1.4,,
Germany,,,,
Liechtenstein,,,,
Luxembourg,,,,
Monaco,,,,
Netherlands,,,,
Switzerland,,,,
Cyprus,1991,0.6,,
Israel,,,,
Turkey,,,,
