Country,First Reported Value - Year,First Reported Value,Last Reported Value - Year,Last Reported Value
United Kingdom of Great Britain and Northern Ireland,1991,7722.12,2013,16110.17
France,2002,2573.1,2013,5706.25
Norway,1990,869.02,2011,3243.53
Poland,2005,2228.88,2012,3271.75
Finland,1999,1063.39,2012,1739.81
Sweden,2002,1206.96,2012,1794.99
Italy,2002,751.58,2012,1249.95
Turkey,2003,1060.78,2010,1557.91
Ireland,1994,761.83,2012,1066.01
Netherlands,2002,970.2,2012,1273.44
Spain,2002,1160.62,2012,1444.94
Belgium,2000,533.69,2012,799.49
Greece,2002,271.01,2012,511.51
Estonia,2000,59.83,2013,277.45
Czech Republic,2005,380.25,2012,566.65
Lithuania,2005,206.86,2012,314.04
Slovakia,2005,215.24,2012,321.4
Bulgaria,2006,101.45,2012,171.63
Latvia,2005,114.792,2012,182.01
Slovenia,2005,75.33,2012,117.1
Switzerland,2007,244.38,2013,278.5
Denmark,2002,583.33,2012,613.63
Hungary,2005,339.59,2012,360.44
Cyprus,2005,25.11,2012,34.89
Luxembourg,2002,32.24,2012,41.53
Malta,2005,11.96,2012,14.82
Portugal,2002,215.6,2012,211.51
Germany,2002,3433.49,2013,3414.33
Romania,2007,331.04,2012,298.37
Iceland,2007,182.98,2012,131.88
Austria,2005,647.09,2012,403.55
Belarus,,,,
Republic of Moldova,,,,
Russian Federation,,,,
Ukraine,,,,
Aland Islands,,,,
Channel Islands,,,,
Faeroe Islands,,,,
Guernsey,,,,
Isle of Man,,,,
Jersey,,,,
Sark,,,,
Svalbard and Jan Mayen Islands,,,,
Albania,,,,
Andorra,,,,
Bosnia and Herzegovina,,,,
Croatia,2008,37.91,,
Gibraltar,,,,
Holy See,,,,
Montenegro,,,,
San Marino,,,,
Serbia,,,,
The former Yugoslav Republic of Macedonia,2007,24,,
Liechtenstein,,,,
Monaco,,,,
Armenia,,,,
Azerbaijan,,,,
Georgia,,,,
Israel,,,,
Kazakhstan,,,,
Kyrgyzstan,,,,
Tajikistan,,,,
Turkmenistan,,,,
Republic of Uzbekistan,,,,
