Country,First Reported Value - Year,First Reported Value,Last Reported Value - Year,Last Reported Value
France,2008,303,2014,863.63
Finland,2008,431.37,2014,609.99
Netherlands,2008,317.62,2014,443.73
Italy,2008,468.32,2014,575.63
United Kingdom of Great Britain and Northern Ireland,2008,4254.69,2014,4308.97
Greece,2008,61.18,2014,107.44
Sweden,2008,332.13,2014,370.53
Czech Republic,2008,135.18,2014,166.88
Slovenia,2008,62.2,2014,80.8
Estonia,2008,30.55,2014,43.06
Spain,2008,311.45,2014,323.87
Belgium,2008,185.32,2014,196.46
Lithuania,2008,40.06,2014,50.98
Latvia,2008,14.65,2014,25.14
Austria,2008,189.58,2014,195.2
Malta,2008,1.145,2014,3.153
Cyprus,2008,10.98,2014,12.23
Luxembourg,2008,2.69,2014,3.8
Poland,2008,828.64,2014,828.26
Slovakia,2008,56.5,2014,55.459
Croatia,2013,79.52,2014,77.94
Ireland,2008,427.13,2014,424.84
Hungary,2008,150.2,2014,146.48
Bulgaria,2008,43.36,2014,38.05
Romania,2008,155.87,2014,149.59
Denmark,2008,138.06,2014,125.19
Portugal,2008,84.52,2014,69.27
Germany,2008,736.47,2014,679.38
Belarus,,,,
Republic of Moldova,,,,
Russian Federation,,,,
Ukraine,,,,
Aland Islands,,,,
Channel Islands,,,,
Faeroe Islands,,,,
Guernsey,,,,
Iceland,,,,
Isle of Man,,,,
Jersey,,,,
Norway,,,,
Sark,,,,
Svalbard and Jan Mayen Islands,,,,
Albania,,,,
Andorra,,,,
Bosnia and Herzegovina,,,,
Gibraltar,,,,
Holy See,,,,
Montenegro,,,,
San Marino,,,,
Serbia,,,,
The former Yugoslav Republic of Macedonia,,,,
Liechtenstein,,,,
Monaco,,,,
Switzerland,,,,
Armenia,,,,
Azerbaijan,,,,
Georgia,,,,
Israel,,,,
Kazakhstan,,,,
Kyrgyzstan,,,,
Tajikistan,,,,
Turkey,,,,
Turkmenistan,,,,
Republic of Uzbekistan,,,,
