Country,First Reported Value - Year,First Reported Value,Last Reported Value - Year,Last Reported Value
Slovenia,1980,30.64,2004,88.33
Croatia,1985,48.32,2009,89.05
Belgium,1988,10.67,1992,40.84
Cyprus,1996,7.26,2008,37.03
Georgia,1994,1.03,2008,8.62
Spain,1980,3.43,1992,10.57
Italy,1980,0.24,2002,5.08
Israel,1996,2.66,2008,6.47
Estonia,1980,38.79,2004,42.17
Lithuania,1990,27.07,2004,29.32
Finland,1980,17.11,2004,19.3
Albania,1995,0.4,2009,2.05
Armenia,1992,1.14,2008,2.32
Turkmenistan,1998,1.85,1999,1.82
Malta,1994,0.82,1997,0.27
Republic of Uzbekistan,1996,3.02,1997,2.29
Azerbaijan,1985,1.92,2008,0.92
Romania,1980,3.09,2003,1.39
Turkey,1985,6.34,2007,4.61
Republic of Moldova,1992,11.01,2007,9.11
Tajikistan,1991,2.72,2001,0.32
Hungary,1980,31.31,2004,28.78
Kyrgyzstan,1986,8.95,2004,6.12
Sweden,1980,14.84,2004,11.74
Bulgaria,1988,9,2004,5.4
Portugal,1987,25.59,1999,21.35
Kazakhstan,1993,13.68,2004,8.21
Greece,2000,19.41,2004,13.13
Latvia,1990,40.22,2004,32.96
The former Yugoslav Republic of Macedonia,1980,14.77,2008,6.5
Ukraine,1989,14.91,2009,6.35
Belarus,1989,16.77,2004,7.68
Poland,1982,25.74,2004,15.14
United Kingdom of Great Britain and Northern Ireland,1980,32.97,2004,18.75
Switzerland,1988,43.15,2008,27.9
Germany,1990,45.48,2003,29.38
Czech Republic,1970,40.68,2008,22.38
Austria,1980,53.31,2004,34.7
Netherlands,1980,31.6,2003,12.76
Slovakia,1980,45.78,2008,25.47
Denmark,1980,51.18,2004,20.09
Iceland,1980,39.46,2004,7.86
Russian Federation,1990,47.18,2009,11.16
Andorra,1996,43.63,2002,7.49
Luxembourg,1980,77.81,2003,31.22
Aland Islands,,,,
Channel Islands,,,,
Faeroe Islands,,,,
Guernsey,,,,
Ireland,,,,
Isle of Man,,,,
Jersey,,,,
Norway,,,,
Sark,,,,
Svalbard and Jan Mayen Islands,,,,
Bosnia and Herzegovina,,,,
Gibraltar,,,,
Holy See,,,,
Montenegro,,,,
San Marino,,,,
Serbia,,,,
France,,,,
Liechtenstein,,,,
Monaco,1999,53.33,,
