Country,First Reported Value - Year,First Reported Value,Last Reported Value - Year,Last Reported Value
Kazakhstan,1991,224.47,2003,308.4
Belarus,1991,124.21,2001,187.85
Ukraine,1991,139.7,2004,185.35
Turkey,2009,26.61,2013,36.73
Tajikistan,1991,72.51,2005,79.09
San Marino,1995,45.43,2005,50.71
Albania,1987,46.59,2004,46.17
Armenia,1991,79.87,2012,79.28
Montenegro,2000,48.64,2009,44.64
Bosnia and Herzegovina,1985,52.7,2011,42.27
The former Yugoslav Republic of Macedonia,1991,54.04,2010,43.14
Republic of Uzbekistan,1991,126.39,2005,111.47
Cyprus,2004,47.79,2012,32.57
Estonia,1989,121.99,2011,105.89
Kyrgyzstan,1991,150.38,2013,132.72
Switzerland,1995,64.24,2012,45.27
Romania,1980,110.77,2012,91.32
Serbia,1998,74.46,2013,52.38
Lithuania,1991,166.89,2012,144.68
United Kingdom of Great Britain and Northern Ireland,1979,74.89,2011,49.33
Denmark,1994,83.71,2012,57.08
Poland,1980,103.56,2013,74.4
Iceland,1992,71.64,2009,42.14
Malta,1992,64.25,2012,32.95
Netherlands,1979,76.48,2013,41.11
Georgia,1991,83.1,2012,47.33
Sweden,1987,82.3,2013,45.63
Slovakia,1992,124.08,2010,82.42
Norway,1986,91.89,2013,47.73
Azerbaijan,1991,90.54,2007,45.82
Germany,1990,99.14,2013,50.81
Croatia,1985,124.69,2013,74.91
Finland,1987,130.84,2013,76.05
Ireland,1979,106.86,2010,51.16
Bulgaria,1980,111.38,2011,54.57
Greece,1979,93,2012,34.39
Israel,1979,91.05,2012,29.91
Latvia,1991,173.92,2012,110.7
Luxembourg,1992,122.12,2013,56.91
Belgium,1979,131.36,2012,66.13
Republic of Moldova,1996,225.19,2013,157.64
Slovenia,1985,159.11,2010,90.95
Czech Republic,1986,135.22,2013,65.91
Spain,1980,106.08,2013,35.7
Turkmenistan,1991,202.41,1998,131.2
Italy,1979,118.85,2012,35.28
Hungary,1979,183.82,2013,85.81
Austria,1980,158.01,2013,57.11
Portugal,1980,161.18,2013,45.37
France,1979,179.89,2011,61.45
Russian Federation,,,,
Aland Islands,,,,
Channel Islands,,,,
Faeroe Islands,,,,
Guernsey,,,,
Isle of Man,,,,
Jersey,,,,
Sark,,,,
Svalbard and Jan Mayen Islands,,,,
Andorra,,,,
Gibraltar,,,,
Holy See,,,,
Liechtenstein,,,,
Monaco,,,,
